Rang,Institut,Sitz,Verband,Bilanzsumme gemäß Bilanzstatistik,Kundeneinlagen,Spareinlagen,Kundenkredite,Anzahl Mitarbeiter,Sparkassenstellen (einschließlich SB),links
1,Hamburger Sparkasse,Hamburg,HSGV,45850582,34447018,8979342,33106755,5186,194,https://www.haspa.de/de/home.html
2,Sparkasse KölnBonn,Köln,RSGV,26756221,20341310,5303201,18519614,3922,136,https://www.sparkasse-koelnbonn.de/de/home.html
3,Kreissparkasse Köln,Köln,RSGV,26163554,19389649,5745073,19916338,3969,176,https://www.ksk-koeln.de/de/home.html
4,Frankfurter Sparkasse,Frankfurt Main,SGVHT,19146177,16629605,1553458,8372878,1709,84,https://www.frankfurter-sparkasse.de/de/home.html
5,Stadtsparkasse München,München,SVB,19111868,15680349,4242820,13912104,2663,106,https://www.sskm.de/de/home.html
6,Sparkasse Hannover,Hannover,SVN,15402154,12091361,2929550,11571696,1800,98,https://www.sparkasse-hannover.de/de/home.html
7,Mittelbrandenburgische Sparkasse in Potsdam,Potsdam,OSV,13677349,11199822,4667892,6507619,1556,132,https://www.mbs.de/de/home.html
8,Sparkasse Pforzheim Calw,Pforzheim,SVBW,12445554,8205087,2034424,8438223,1881,115,https://www.sparkasse-pforzheim-calw.de/de/home.html
9,Ostsächsische Sparkasse Dresden,Dresden,OSV,12221119,10627449,3533947,6773775,1588,138,https://www.ostsaechsische-sparkasse-dresden.de/de/home.html
10,Nassauische Sparkasse,Wiesbaden,SGVHT,11853079,9059491,1623285,9046337,1652,145,https://www.naspa.de/de/home.html
11,Kreissparkasse München Starnberg Ebersberg,München,SVB,11755114,9858204,1338575,8262388,1426,99,https://www.kskmse.de/de/home.html
12,Stadtsparkasse Düsseldorf,Düsseldorf,RSGV,11698183,9181672,2170713,8538489,1831,59,https://www.sskduesseldorf.de/de/home.html
13,Die Sparkasse Bremen AG,Bremen,HSGV,11579315,8475774,2935305,9329059,1287,80,https://www.sparkasse-bremen.de/de/home.html
14,Sparkasse Aachen,Aachen,RSGV,11574803,8526415,2810260,8131151,1842,104,https://www.sparkasse-aachen.de/de/home.html
15,Sparkasse Nürnberg,Nürnberg,SVB,11469244,9220404,2144547,6750665,1914,107,https://www.sparkasse-nuernberg.de/en/home.html
16,Kreissparkasse Ludwigsburg,Ludwigsburg,SVBW,10843277,7180370,1508148,5855749,1508,94,https://www.ksklb.de/de/home.html
17,Landessparkasse zu Oldenburg,Oldenburg,SVN,9852979,7676083,2971757,7875563,1611,110,https://www.lzo.com/de/home.html
18,Sparkasse Münsterland Ost,Münster,SVWL,9536046,7212116,1898572,7054153,1204,85,https://www.sparkasse-muensterland-ost.de/de/home.html
19,Sparkasse Dortmund,Dortmund,SVWL,9369555,6904935,2529052,6272669,1561,60,https://www.sparkasse-dortmund.de/de/home.html
20,Kreissparkasse Heilbronn,Heilbronn/N.,SVBW,9326191,6749364,1841966,7058232,1541,101,https://www.sparkasse-heilbronn.de/de/home.html
21,Stadt- und Kreissparkasse Leipzig,Leipzig,OSV,9193925,8092983,2830593,4424129,1563,112,https://www.sparkasse-leipzig.de/de/home.html
22,Kreissparkasse Esslingen-Nürtingen,Esslingen,SVBW,9186468,7310636,2294931,6523215,1433,94,https://www.ksk-es.de/de/home.html
23,Sparkasse Krefeld,Krefeld,RSGV,8840574,6879003,1840362,5229856,1633,73,https://www.sparkasse-krefeld.de/de/home.html
24,Kreissparkasse Waiblingen,Waiblingen,SVBW,8668430,6480739,2133673,6519258,1372,67,https://www.kskwn.de/de/home.html
25,Kreissparkasse Böblingen,Böblingen,SVBW,8581274,5808441,1750814,6281421,1118,69,https://www.kskbb.de/en/home.html
26,Sparkasse Karlsruhe,Karlsruhe,SVBW,8575567,6306252,2242834,6215298,1380,75,https://www.sparkasse-karlsruhe.de/de/home.html
27,Sparkasse Mainfranken Würzburg,Würzburg,SVB,8491081,6915921,1566129,5684961,1589,118,https://www.sparkasse-mainfranken.de/de/home.html
28,Sparkasse Essen,Essen,RSGV,8456932,6328845,1837650,6133918,1349,53,https://www.sparkasse-essen.de/de/home.html
29,Sparkasse Westmünsterland,Ahaus,SVWL,7860998,5799441,1811656,6163116,1407,102,https://www.sparkasse-westmuensterland.de/de/home.html
30,Sparkasse Heidelberg,Heidelberg,SVBW,7807916,6145619,1255891,5314391,1181,84,https://www.sparkasse-heidelberg.de/de/home.html
31,Sparkasse Saarbrücken,Saarbrücken,SvSaar,7588830,4841599,2089885,5251596,1243,75,https://www.sparkasse-saarbruecken.de/de/home.html
32,Sparkasse Hildesheim Goslar Peine,Hildesheim,SVN,7581738,5730225,1319821,5414649,1495,86,https://www.sparkasse-hgp.de/de/home.html
33,Förde Sparkasse,Kiel,SGVSH,7466336,5760401,1187740,5834088,1299,58,https://www.foerde-sparkasse.de/en/home.html
34,Stadtsparkasse Wuppertal,Wuppertal,RSGV,7284628,5538317,1313936,5973438,1225,33,https://www.sparkasse-wuppertal.de/en/home.html
35,Sparkasse Paderborn-Detmold,Detmold,SVWL,7233243,5373103,1976861,5268712,1307,62,https://www.sparkasse-paderborn-detmold.de/de/home.html
36,Sparkasse Bochum,Bochum,SVWL,6836022,5171794,2285667,4775638,1098,49,https://www.sparkasse-bochum.de/en/home.html
37,Nord-Ostsee Sparkasse,Schleswig,SGVSH,6644564,4576671,1203989,5193737,1042,82,https://www.nospa.de/de/home.html
38,Sparkasse Osnabrück,Osnabrück,SVN,6637518,5305799,789087,5211620,1192,43,https://www.sparkasse-osnabrueck.de/de/home.html
39,Sparkasse Bielefeld,Bielefeld,SVWL,6632867,5136988,1248513,4364174,1199,47,https://www.sparkasse-bielefeld.de/de/home.html
40,Sparkasse Freiburg-Nördlicher Breisgau,Freiburg im Breisgau,SVBW,6614767,4736349,1473506,4874388,1072,53,https://www.sparkasse-freiburg.de/de/home.html
41,Sparkasse Neuss,Neuss,RSGV,6534454,5163753,1723364,5305750,1154,62,https://www.sparkasse-neuss.de/de/home.html
42,Sparkasse Holstein,Eutin,SGVSH,6521280,4726721,525966,5453356,1049,61,https://www.sparkasse-holstein.de/de/home.html
43,Sparkasse Ulm,Ulm,SVBW,6346182,4830784,1817440,4060486,1053,80,https://www.sparkasse-ulm.de/en/home.html
44,SKS Erlangen Höchstadt Herzogenaurach,Erlangen,SVB,6294557,5137745,1112461,3661425,984,63,https://www.sparkasse-erlangen.de/de/home.html
45,Sparkasse Vest Recklinghausen,Recklinghausen,SVWL,6093314,4547112,1705111,4403630,1287,68,https://www.sparkasse-re.de/de/home.html
46,Stadtsparkasse Augsburg,Augsburg,SVB,6041785,4889091,833255,4362068,1105,45,https://www.sska.de/en/home.html
47,Sparkasse Duisburg,Duisburg,RSGV,5988093,4674190,1608932,4014459,1289,53,https://www.sparkasse-duisburg.de/de/home.html
48,Kreissparkasse Göppingen,Göppingen,SVBW,5981287,4092096,1225910,4092964,1080,66,https://www.ksk-gp.de/de/home.html
49,Taunus Sparkasse,Bad Homburg v.d.H.,SGVHT,5652956,4433373,326204,4278136,811,57,https://www.taunussparkasse.de/en/home.html
50,Kasseler Sparkasse,Kassel,SGVHT,5649436,4429352,788833,3466496,1032,96,https://www.kasseler-sparkasse.de/de/home.html
51,Kreissparkasse Biberach,Biberach/Riss,SVBW,5569265,3459712,1504596,2651841,819,45,https://www.ksk-bc.de/de/home.html
52,Sparkasse Ingolstadt Eichstätt,Ingolstadt,SVB,5506615,3886395,1037512,3901287,920,48,https://www.spk-in-ei.de/de/home.html
53,Sparkasse Herford,Herford,SVWL,5324624,3941545,1395358,3417795,1002,49,https://www.sparkasse-herford.de/de/home.html
54,Kreissparkasse Reutlingen,Reutlingen,SVBW,5264571,3950288,763199,3533182,943,54,https://www.ksk-reutlingen.de/de/home.html
55,Sparkasse Rosenheim-Bad Aibling,Rosenheim,SVB,5243229,4027614,1098675,3683298,837,51,https://www.spk-ro-aib.de/de/home.html
56,Kreissparkasse Ostalb,Aalen,SVBW,5236121,4043983,970497,3371987,972,66,https://www.ksk-ostalb.de/de/home.html
57,Sparkasse Südholstein,Neumünster,SGVSH,5180992,4023832,1086313,4250726,988,39,https://www.spk-suedholstein.de/de/home.html
58,Sparkasse Vorderpfalz,Ludwigshafen a. Rh.,SVRP,5162658,4144145,704779,3930538,931,51,https://www.sparkasse-vorderpfalz.de/de/home.html
59,Kreissparkasse Tübingen,Tübingen,SVBW,5139319,3736005,1067281,3816603,879,60,https://www.ksk-tuebingen.de/de/home.html
60,Stadtsparkasse Mönchengladbach,Mönchengladbach,RSGV,4961266,3858095,1861120,3235109,878,30,https://www.sparkasse-moenchengladbach.de/de/home.html
61,Sparkasse Rhein Neckar Nord,Mannheim,SVBW,4884784,3454075,957412,2841264,863,44,https://www.sparkasse-rhein-neckar-nord.de/en/home.html
62,Sparkasse Oberhessen,Friedberg,SGVHT,4773056,3693313,744680,3359002,895,68,https://www.sparkasse-oberhessen.de/de/home.html
63,Kreissparkasse Ravensburg,Ravensburg,SVBW,4755512,3766545,1750207,3197495,816,44,https://www.kreissparkasse-ravensburg.de/de/home.html
64,Stadt- und Kreissparkasse Darmstadt,Darmstadt,SGVHT,4736673,3756435,758639,3653405,794,44,https://www.sparkasse-darmstadt.de/en/home.html
65,Sparkasse Hanau,Hanau,SGVHT,4716559,2968445,654609,2988841,664,37,https://www.sparkasse-hanau.de/de/home.html
66,Sparkasse Rhein-Nahe,Bad Kreuznach,SVRP,4705846,3556251,1005755,3245250,720,53,https://www.sparkasse-rhein-nahe.de/de/home.html
67,Saalesparkasse,Halle (Saale),OSV,4690843,3926374,1018251,2418208,744,79,https://www.saalesparkasse.de/de/home.html
68,Sparkasse Koblenz,Koblenz,SVRP,4690733,3540538,531379,3531137,800,50,https://www.sparkasse-koblenz.de/de/home.html
69,Erzgebirgssparkasse,Annaberg-Buchholz,OSV,4636021,3967504,1684534,2240774,837,87,https://www.erzgebirgssparkasse.de/en/home.html
70,Sparkasse Allgäu,Kempten,SVB,4627652,3474209,659041,2867954,891,61,https://www.sparkasse-allgaeu.de/de/home.html
71,Sparkasse Trier,Trier,SVRP,4602954,3388639,1221588,3778229,873,76,https://www.sparkasse-trier.de/de/home.html
72,Sparkasse Aschaffenburg-Alzenau,Aschaffenburg,SVB,4598653,3706010,830671,3110667,828,59,https://www.spk-aschaffenburg.de/de/home.html
73,Kreissparkasse Steinfurt,Ibbenbüren,SVWL,4588579,2828061,852107,3358095,775,47,https://www.ksk-steinfurt.de/de/home.html
74,Sparkasse Bodensee,Friedrichshafen,SVBW,4548440,3376022,833193,3344298,763,44,https://www.sparkasse-bodensee.de/en/home.html
75,Sparkasse Chemnitz,Chemnitz,OSV,4539106,3808435,1754973,1601454,607,67,https://www.spk-chemnitz.de/de/home.html
76,Sparkasse Offenburg/Ortenau,Offenburg,SVBW,4533329,3316906,1388391,2788119,772,50,https://www.sparkasse-offenburg.de/de/home.html
77,Sparkasse Memmingen- Lindau-Mindelheim,Memmingen,SVB,4436567,3376140,1036393,2627094,686,69,https://www.spk-mm-li-mn.de/de/home.html
78,Sparkasse Regensburg,Regensburg,SVB,4429184,3605228,934818,2916348,697,48,https://www.sparkasse-regensburg.de/de/home.html
79,Sparkasse Mittelthüringen,Erfurt,SGVHT,4397781,3521092,1450189,2415239,790,61,https://www.sparkasse-mittelthueringen.de/de/home.html
80,Sparkasse Ansbach,Ansbach,SVB,4378942,3276165,1099641,2394171,830,66,https://www.sparkasse-ansbach.de/de/home.html
81,Sparkasse Rhein-Haardt,Bad Dürkheim,SVRP,4286861,3390291,885934,2684438,645,45,https://www.sparkasse-rhein-haardt.de/de/home.html
82,Sparkasse Niederbayern Mitte,Straubing,SVB,4261982,3244177,902353,3073770,735,49,https://www.sparkasse-niederbayern-mitte.de/de/home.html
83,Sparkasse Schweinfurt-Haßberge,Schweinfurt,SVB,4261926,3441561,1011380,2420410,796,64,https://www.sparkasse-sw-has.de/de/home.html
84,Sparkasse Kraichgau,Bruchsal,SVBW,4227994,3220764,1055924,2222536,701,58,https://www.sparkasse-kraichgau.de/de/home.html
85,OstseeSparkasse Rostock,Rostock,OSV,4226053,3385643,1068468,2854842,668,53,https://www.ospa.de/en/home.html
86,Sparkasse Landshut,Landshut,SVB,4207407,3194629,1003142,2346867,772,44,https://www.sparkasse-landshut.de/de/home.html
87,Sparkasse Bamberg,Bamberg,SVB,4103245,3326524,1000166,2605242,815,48,https://www.sparkasse-bamberg.de/en/home.html
88,Sparkasse Vorpommern,Hansestadt Greifswald,OSV,4072589,3515739,1389801,2060153,635,81,https://www.spk-vorpommern.de/de/home.html
89,Sparkasse Düren,Düren,RSGV,4041532,3093545,1318995,3072906,681,42,https://www.sparkasse-dueren.de/en/home.html
90,Sparkasse Harburg-Buxtehude,Hamburg,SVN,4032524,3116417,1112417,3405764,685,47,https://www.spkhb.de/de/home.html
91,Sparkasse Fürstenfeldbruck,Fürstenfeldbruck,SVB,3974409,3189171,811620,2882406,709,25,https://www.sparkasse-ffb.de/de/home.html
92,Weser-Elbe Sparkasse,Bremerhaven,SVN/HSGV,3944876,2755834,1021446,3197246,834,40,https://www.wespa.de/en/home.html
93,Sparkasse Siegen,Siegen,SVWL,3937954,3074598,1095087,2986604,837,47,https://www.sparkasse-siegen.de/en/home.html
94,Sparkasse Marburg-Biedenkopf,Marburg,SGVHT,3925867,3097250,1590922,2346555,825,47,https://www.skmb.de/de/home.html
95,Kreissparkasse Saarlouis,Saarlouis,SvSaar,3873688,2818982,580883,2877849,768,52,https://www.ksk-saarlouis.de/de/home.html
96,Sparkasse Mittelfranken-Süd,Roth,SVB,3827250,3153195,1073763,2403843,758,42,https://www.sparkasse-mittelfranken-sued.de/de/home.html
97,Sparkasse Gifhorn-Wolfsburg,Gifhorn,SVN,3806966,3237716,727686,2387601,674,43,https://www.spk-gifhorn-wolfsburg.de/de/home.html
98,Kreissparkasse Kaiserslautern,Kaiserslautern,SVRP,3799711,2950913,998736,2915043,651,46,https://www.kskkl.de/de/home.html
99,Sparkasse Spree-Neiße,Cottbus,OSV,3748458,3033606,1575173,1043021,397,38,https://www.sparkasse-spree-neisse.de/de/home.html
100,Sparkasse Oberlausitz-Niederschlesien,Zittau,OSV,3745659,3201851,1544190,981054,509,42,https://www.sparkasse-oberlausitz-niederschlesien.de/de/home.html
101,Sparkasse Fulda,Fulda,SGVHT,3740417,2967270,694584,1965518,727,36,https://www.sparkasse-fulda.de/de/home.html
102,Kreissparkasse Tuttlingen,Tuttlingen,SVBW,3731970,2408637,607821,2417919,528,32,https://www.ksk-tut.de/de/home.html
103,Sparkasse Westholstein,Itzehoe,SGVSH,3727791,2714550,1271806,3045034,643,36,https://www.spk-westholstein.de/de/home.html
104,Sparkasse Schwarzwald-Baar,Villingen-Schwenningen,SVBW,3684047,2682586,1074505,2203499,662,49,https://www.spk-swb.de/en/home.html
105,Sparkasse Emsland,Meppen,SVN,3679584,2651120,555403,2862431,790,56,https://www.sparkasse-emsland.de/de/home.html
106,Kreissparkasse Augsburg,Augsburg,SVB,3608378,2747700,1207706,2714876,515,40,https://www.kreissparkasse-augsburg.de/de/home.html
107,Sparkasse Hochfranken,Selb,SVB,3600754,2749734,991790,1671469,739,48,https://www.sparkasse-hochfranken.de/de/home.html
108,Kreissparkasse Heinsberg,Erkelenz,RSGV,3593383,2524358,1001152,2716862,610,51,https://www.kreissparkasse-heinsberg.de/de/home.html
109,Kreissparkasse Syke,Syke,SVN,3592640,2360601,762448,3109821,615,30,https://www.ksk-syke.de/de/home.html
110,Sparkasse Fürth,Fürth,SVB,3528157,2752156,566723,2365827,693,33,https://www.sparkasse-fuerth.de/de/home.html
111,Sparkasse Zollernalb,Balingen,SVBW,3514272,2718881,1076595,2077817,675,50,https://www.sparkasse-zollernalb.de/de/home.html
112,Sparkasse Hilden-Ratingen-Velbert,Velbert,RSGV,3499497,2854698,1122559,2418941,688,27,https://www.sparkasse-hrv.de/de/home.html
113,Sparkasse Langen-Seligenstadt,Seligenstadt,SGVHT,3468200,2698366,459075,2500786,655,43,https://www.sls-direkt.de/de/home.html
114,Sparkasse Schwäbisch Hall Crailsheim,Schwäbisch Hall,SVBW,3435843,2170089,501448,2234144,546,37,https://www.sparkasse-sha.de/de/home.html
115,Sparkasse Göttingen,Göttingen,SVN,3417900,2518245,726532,2657993,675,40,https://www.spk-goettingen.de/de/home.html
116,Sparkasse Leverkusen,Leverkusen,RSGV,3372082,2602784,722885,2916170,544,19,https://www.sparkasse-lev.de/de/home.html
117,Sparkasse am Niederrhein,Moers,RSGV,3337969,2632799,685013,2454343,642,31,https://www.sparkasse-am-niederrhein.de/de/home.html
118,Kreissparkasse Groß-Gerau,Groß-Gerau,SGVHT,3331915,2535771,467569,2558629,589,36,https://www.kskgrossgerau.de/de/home.html
119,Sparkasse Westerwald-Sieg,Bad Marienberg,SVRP,3329406,2660184,713426,2359323,619,51,https://www.sk-westerwald-sieg.de/de/home.html
120,Sparkasse Vogtland,Plauen,OSV,3323458,2673814,1383511,1735530,526,43,https://www.sparkasse-vogtland.de/de/home.html
121,Sparkasse Gelsenkirchen,Gelsenkirchen,SVWL,3308038,2582310,975815,1929626,760,33,https://www.sparkasse-gelsenkirchen.de/de/home.html
122,Hegau-Bodensee,Singen,SVBW,3285501,2159658,877298,2258100,548,25,https://www.sparkasse-hegau-bodensee.de/de/home.html
123,Sparkasse Dachau,Dachau,SVB,3247324,2408506,406392,2565468,491,36,https://www.sparkasse-dachau.de/de/home.html
124,Spk.Rotenburg Osterholz,Zeven,SVN,3229655,2499918,866536,2242515,706,50,https://www.spk-row-ohz.de/de/home.html
125,Sparkasse HagenHerdecke,Hagen,SVWL,3226301,2213236,737737,2213980,526,31,https://www.sparkasse-hagenherdecke.de/de/home.html
126,Sparkasse Passau,Passau,SVB,3197718,2494721,906575,1950275,610,33,https://www.sparkasse-passau.de/de/home.html
127,Kreissparkasse Herzogtum Lauenburg,Ratzeburg,SGVSH,3188252,2129638,391850,2499789,609,33,https://www.ksk-ratzeburg.de/de/home.html
128,Sparkasse Lemgo,Lemgo,SVWL,3165331,2272909,827932,2438523,540,25,https://www.sparkasse-lemgo.de/de/home.html
129,Kreissparkasse Mittelsachsen,Freiberg,OSV,3153304,2545560,1203441,1356495,528,54,https://www.sparkasse-mittelsachsen.de/de/home.html
130,Sparkasse Hochrhein,Waldshut-Tiengen,SVBW,3147336,2175905,649741,2284061,517,28,https://www.sparkasse-hochrhein.de/de/home.html
131,Sparkasse Südliche Weinstraße,Landau,SVRP,3116056,2426473,233406,2170986,429,37,https://www.sparkasse-suew.de/de/home.html
132,Sparkasse Worms-Alzey-Ried,Worms,SVRP,3066915,2562638,661726,1995128,530,39,https://www.sparkasse-worms-alzey-ried.de/de/home.html
133,Ndrh. SPK RheinLippe,Wesel,RSGV,2991290,2331921,982180,2260328,683,45,https://www.nispa.de/de/home.html
134,Sparkasse Oder-Spree,Frankfurt (Oder),OSV,2958433,2511739,972967,1290572,469,31,https://www.s-os.de/de/home.html
135,Kreissparkasse Rottweil,Rottweil/N.,SVBW,2910714,2111041,624173,1719583,462,38,https://www.sparkasse-rottweil.de/de/home.html
136,Kreissparkasse Wiedenbrück,Rheda-Wiedenbrück,SVWL,2894368,2295083,456391,1200763,314,16,https://www.kskwd.de/de/home.html
137,Sparkasse zu Lübeck AG,Lübeck,SGVSH,2875385,1908676,450892,2137600,507,23,https://www.spk-luebeck.de/de/home.html
138,Sparkasse Mülheim an der Ruhr,Mülheim Ruhr,RSGV,2866617,2094269,745247,2252019,493,20,https://www.sparkasse-muelheim-ruhr.de/de/home.html
139,Kreissparkasse Verden,Verden,SVN,2860073,2000903,804724,2222990,518,32,https://www.ksk-verden.de/de/home.html
140,Sparkasse Meißen,Riesa,OSV,2842682,2420191,1016863,1163828,365,34,https://www.sparkasse-meissen.de/de/home.html
141,Kreissparkasse Düsseldorf,Düsseldorf,RSGV,2799284,2283696,727059,2031129,552,17,https://www.kreissparkasse-duesseldorf.de/de/home.html
142,Sparkasse Lüneburg,Lüneburg,SVN,2791240,1973703,658996,2219387,554,39,https://www.sparkasse-lueneburg.de/de/home.html
143,Stadt-Sparkasse Solingen,Solingen,RSGV,2778386,2034039,700431,2202422,563,21,https://www.sparkasse-solingen.de/de/home.html
144,Sparkasse Mittelmosel Eifel Mosel Hunsrück,Bernkastel-Kues,SVRP,2777781,2156686,621819,1592148,499,21,https://www.sparkasse-emh.de/en/home.html
145,Sparkasse Lörrach-Rheinfelden,Lörrach,SVBW,2774045,1608188,521819,2192473,405,18,https://www.sparkasse-loerrach.de/de/home.html
146,Sparkasse Oberland,Weilheim,SVB,2754137,2112760,507010,1987818,518,34,https://www.sparkasse-oberland.de/de/home.html
147,Sparkasse Zwickau,Zwickau,OSV,2749990,2335740,742303,920893,434,32,https://www.spk-zwickau.de/de/home.html
148,Sparkasse Tauberfranken,Tauberbischofsheim,SVBW,2740639,2033096,652580,1818802,523,34,https://www.sparkasse-tauberfranken.de/de/home.html
149,Sparkasse Altötting-Mühldorf,Mühldorf/Inn,SVB,2726430,2187867,694793,1934162,511,32,https://www.spkam.de/de/home.html
150,Sparkasse Coburg-Lichtenfels,Coburg,SVB,2699224,2278111,737006,1668109,572,36,https://www.sparkasse-co-lif.de/en/home.html
151,Sparkasse Mittelholstein AG,Rendsburg,SGVSH,2673857,1714199,324403,2147429,419,17,https://www.spk-mittelholstein.de/de/home.html
152,Kreis- und Stadtsparkasse Unna-Kamen,Unna,SVWL,2665309,1869282,521379,2128184,432,18,https://www.sparkasse-unnakamen.de/de/home.html
153,Sparkasse Celle,Celle,SVN,2653360,2018186,181990,1765218,580,37,https://www.sparkasse-celle.de/de/home.html
154,Harzsparkasse,Wernigerode,OSV,2651657,2189974,1183493,1205841,449,60,https://www.harzsparkasse.de/de/home.html
155,Sparkasse LeerWittmund,Leer,SVN,2615530,1926093,875333,1860270,568,39,https://www.sparkasse-leerwittmund.de/de/home.html
156,Sparkasse Dieburg,Groß-Umstadt,SGVHT,2598348,2110788,567232,1760984,457,45,https://www.sparkasse-dieburg.de/de/home.html
157,Sparkasse Wetzlar,Wetzlar,SGVHT,2587488,2016704,348529,1323236,491,29,https://www.sparkasse-wetzlar.de/de/home.html
158,Sparkasse SoestWerl,Soest,SVWL,2568332,2023973,832238,1707845,406,24,https://www.sparkasse-soestwerl.de/de/home.html
159,Sparkasse Minden-Lübbecke,Minden,SVWL,2554810,1875336,886634,1711561,591,30,https://www.sparkasse-minden-luebbecke.de/de/home.html
160,Sparkasse Schaumburg,Rinteln,SVN,2521159,2058375,741385,1716472,481,35,https://www.spk-schaumburg.de/de/home.html
161,Stadtsparkasse Magdeburg,Magdeburg,OSV,2503688,2189225,797899,1131583,405,25,https://www.sparkasse-magdeburg.de/de/home.html
162,Salzlandsparkasse,Bernburg,OSV,2499869,2088636,994021,1307438,527,46,https://www.salzlandsparkasse.de/de/home.html
163,Stadtsparkasse Oberhausen,Oberhausen,RSGV,2490153,1816662,775207,1858430,534,15,https://www.stadtsparkasse-oberhausen.de/de/home.html
164,Sparkasse Neumarkt-Parsberg,Neumarkt Oberpf.,SVB,2485827,1840839,359821,1352272,447,26,https://www.sparkasse-neumarkt.de/de/home.html
165,Sparkasse Bad Tölz-Wolfratshausen,Bad Tölz,SVB,2484363,2013194,400194,1795153,452,29,https://www.spktw.de/en/home.html
166,Sparkasse Gütersloh-Rietberg,Gütersloh,SVWL,2473802,1880260,166012,1867568,451,18,https://www.sparkasse-guetersloh-rietberg.de/de/home.html
167,Sparkasse Bayreuth,Bayreuth,SVB,2470322,2067676,626635,1504144,491,33,https://www.sparkasse-bayreuth.de/de/home.html
168,Sparkasse Kulmbach-Kronach,Kulmbach,SVB,2467405,1993228,631621,1367245,501,37,https://www.s-kukc.de/de/home.html
169,Sparkasse Markgräflerland,Müllheim,SVBW,2459587,1457121,483035,1739555,394,20,https://www.sparkasse-markgraeflerland.de/en/home.html
170,Sparkasse Burgenlandkreis,Zeitz,OSV,2408641,2031174,972523,1078520,469,43,https://www.spk-burgenlandkreis.de/de/home.html
171,Kreissparkasse Traunstein-Trostberg,Traunstein,SVB,2394837,1952578,599277,1297737,410,32,https://www.spk-ts.de/en/home.html
172,Kreissparkasse Kelheim,Kelheim,SVB,2361531,1891017,404429,1499133,463,32,https://www.kreissparkasse-kelheim.de/de/home.html
173,KSK Schwalm-Eder,Melsungen,SGVHT,2332871,1779482,614164,1515940,425,35,https://www.kreissparkasse-schwalm-eder.de/de/home.html
174,Sparkasse Gießen,Gießen,SGVHT,2331080,1864154,269028,1439461,529,33,https://www.sparkasse-giessen.de/de/home.html
175,Sparkasse Mainz,Mainz,SVRP,2311377,1799193,406328,1715082,414,34,https://www.sparkasse-mainz.de/de/home.html
176,Sparkasse Mecklenburg-Schwerin,Schwerin,OSV,2309845,1934279,893359,1263491,412,28,https://www.sparkasse-mecklenburg-schwerin.de/de/home.html
177,Sparkasse Hameln-Weserbergland,Hameln,SVN,2305632,1847231,551475,1380896,460,37,https://www.spkhw.de/de/home.html
178,Sparkasse Südwestpfalz,Pirmasens,SVRP,2301304,1849633,401387,1606211,462,40,https://www.sparkasse-suedwestpfalz.de/de/home.html
179,Sparkasse Neckartal-Odenwald,Mosbach,SVBW,2296406,1748416,602680,1292109,410,38,https://www.sparkasse-neckartal-odenwald.de/de/home.html
180,Sparkasse Aurich-Norden,Aurich,SVN,2286570,1644936,422535,1899465,441,36,https://www.sparkasse-aurich-norden.de/de/home.html
181,Sparkasse Gera-Greiz,Gera,SGVHT,2284822,2014016,979004,1133999,419,35,https://www.sparkasse-gera-greiz.de/de/home.html
182,Sparkasse Rottal-Inn,Eggenfelden,SVB,2279457,1701552,480076,1438923,439,34,https://www.sparkasse-rottal-inn.de/de/home.html
183,Sparkasse Rhein-Maas,Kleve,RSGV,2232284,1665080,696324,1580154,512,21,https://www.sparkasse-rhein-maas.de/de/home.html
184,Sparkasse Deggendorf,Deggendorf,SVB,2219654,1693547,523822,1343565,424,30,https://www.sparkassedeggendorf.de/de/home.html
185,Sparkasse Neuwied,Neuwied,SVRP,2209178,1773981,381791,1444177,445,36,https://www.sparkasse-neuwied.de/de/home.html
186,Kreis- und Stadtsparkasse Erding-Dorfen,Erding-Dorfen,SVB,2200269,1708336,333185,1237856,360,35,https://www.spked.de/de/home.html
187,Sparkasse Uelzen Lüchow-Dannenberg,Uelzen,SVN,2197167,1745836,702872,1255130,465,26,https://www.sparkasse-uelzen-luechow-dannenberg.de/de/home.html
188,Sparkasse Starkenburg,Heppenheim,SGVHT,2151284,1531482,753498,1130132,376,23,https://www.sparkasse-starkenburg.de/de/home.html
189,Kreissparkasse Heidenheim,Heidenheim,SVBW,2128027,1512732,452161,1245761,350,23,https://www.ksk-heidenheim.de/de/home.html
190,Sparkasse Waldeck-Frankenberg,Korbach,SGVHT,2111816,1604939,384985,1271438,433,32,https://www.sparkasse-wa-fkb.de/de/home.html
191,Sparkasse im Landkreis Schwandorf,Schwandorf,SVB,2098520,1677386,509553,1323636,427,32,https://www.sparkasse-schwandorf.de/de/home.html
192,Sparkasse Jena-Saale-Holzland,Jena,SGVHT,2085335,1824101,596103,1188584,366,42,https://www.s-jena.de/de/home.html
193,Sparkasse Lüdenscheid,Lüdenscheid,SVWL,2055318,1610256,487912,1250782,369,19,https://www.sparkasse-luedenscheid.de/en/home.html
194,Sparkasse Witten,Witten,SVWL,2037475,1346563,471211,1384490,365,13,https://www.sparkasse-witten.de/de/home.html
195,Sparkasse Landsberg-Dießen,Landsberg,SVB,2028724,1540842,242512,1335822,368,30,https://www.sparkasse-landsberg.de/de/home.html
196,Sparkasse Miltenberg-Obernburg,Miltenberg,SVB,2022420,1541029,409980,1074633,411,28,https://www.s-mil.de/de/home.html
197,Sparkasse Neu-Ulm-Illertissen,Neu-Ulm,SVB,2020002,1594565,323883,1300980,425,30,https://www.sparkasse-neu-ulm-illertissen.de/de/home.html
198,Rhön-Rennsteig Sparkasse,Meiningen,SGVHT,2017421,1711534,796798,822219,372,37,https://www.rhoen-rennsteig-sparkasse.de/de/home.html
199,Sparkasse Günzburg-Krumbach,Günzburg,SVB,2016532,1645425,513190,1251867,368,20,https://www.sparkasse-guenzburg-krumbach.de/de/home.html
200,Kreissparkasse Euskirchen,Euskirchen,RSGV,1993296,1622811,440023,1507474,427,21,https://www.kreissparkasse-euskirchen.de/de/home.html
201,Kreissparkasse Ahrweiler,Bad Neuenahr-Ahrweiler,SVRP,1992980,1623830,577021,1479314,406,29,https://www.kreissparkasse-ahrweiler.de/de/home.html
202,Sparkasse an der Lippe,Lünen,SVWL,1976979,1450689,574796,1372741,373,19,https://www.sparkasse-adl.de/de/home.html
203,Sparkasse Baden-Baden Gaggenau,Baden-Baden,SVBW,1967403,1541602,468803,1217874,335,17,https://www.spk-bbg.de/de/home.html
204,Herner Sparkasse,Herne,SVWL,1967330,1510689,303997,879507,359,16,https://www.herner-sparkasse.de/de/home.html
205,Kreissparkasse Mayen,Mayen,SVRP,1964071,1420343,371707,1449583,404,27,https://www.kskmayen.de/de/home.html
206,Sparkasse Forchheim,Forchheim,SVB,1958162,1383851,380819,1204100,394,34,https://www.sparkasse-forchheim.de/de/home.html
207,Sparkasse im Landkreis Neustadt/Aisch-Windshm.,Neustadt/Aisch,SVB,1949437,1358953,384069,968144,402,28,https://www.sparkasse-nea.de/de/home.html
208,Kreissparkasse Anhalt-Bitterfeld,Bitterfeld,OSV,1947973,1605845,827550,743880,312,19,https://www.ksk-anhalt-bitterfeld.de/de/home.html
209,Sparkasse Bad Hersfeld-Rotenburg,Bad Hersfeld,SGVHT,1947799,1480165,370581,1073207,434,36,https://www.spk-hef.de/de/home.html
210,Sparkasse Hohenlohekreis,Künzelsau,SVBW,1945355,1532378,502576,1135561,342,22,https://www.spk-hohenlohekreis.de/de/home.html
211,Kreissparkasse Börde,Oschersleben,OSV,1941477,1589539,831418,662301,332,32,https://www.ksk-boerde.de/de/home.html
212,Sparkasse Amberg-Sulzbach,Amberg,SVB,1939070,1548336,480411,1392134,403,21,https://www.sparkasse-amberg-sulzbach.de/en/home.html
213,Sparkasse Elbe-Elster,Finsterwalde,OSV,1911539,1490380,734009,650191,332,24,https://www.spk-elbe-elster.de/de/home.html
214,Sparkasse Germersheim-Kandel,Kandel,SVRP,1900661,1521407,528299,1239868,393,28,https://www.sparkasse-ger-kandel.de/de/home.html
215,Sparkasse Lippstadt,Lippstadt,SVWL,1895369,1417856,657556,1359492,331,24,https://www.sparkasse-lippstadt.de/de/home.html
216,Sparkasse Barnim,Eberswalde,OSV,1891239,1559661,662632,943244,336,27,https://www.spk-barnim.de/de/home.html
217,KSK Grafschaft Bentheim zu Nordhorn,Nordhorn,SVN,1888677,1296610,466688,1491022,431,27,https://www.sparkasse-nordhorn.de/de/home.html
218,Kreissparkasse Miesbach-Tegernsee,Miesbach,SVB,1888598,1547264,386281,1209828,351,22,https://www.ksk-mbteg.de/de/home.html
219,Sparkasse Märkisch-Oderland,Strausberg,OSV,1885825,1619236,806172,653321,283,31,https://www.sparkasse-mol.de/de/home.html
220,Kreissparkasse Saarpfalz,Homburg Saar,SvSaar,1872619,1467443,553709,1455739,407,30,https://www.ksk-saarpfalz.de/de/home.html
221,Kreissparkasse Kusel,Kusel,SVRP,1862306,1125048,435807,1347068,334,18,https://www.ksk-kusel.de/de/home.html
222,Kreissparkasse Freudenstadt,Freudenstadt,SVBW,1841448,1366631,399812,1048410,338,26,https://www.ksk-fds.de/de/home.html
223,Wartburg-Sparkasse,Eisenach,SGVHT,1833276,1534987,632765,1004571,330,27,https://www.wartburg-sparkasse.de/de/home.html
224,Kreissparkasse Bautzen,Bautzen,OSV,1821812,1552028,643861,612059,326,42,https://www.ksk-bautzen.de/de/home.html
225,Kreissparkasse Grafschaft Diepholz,Diepholz,SVN,1821209,1329787,463658,1347916,369,16,https://www.kreissparkasse-diepholz.de/de/home.html
226,Sparkasse Stade - Altes Land,Stade,SVN,1820916,1325720,443937,1508983,373,14,https://www.sparkasse-stade-altes-land.de/de/home.html
227,Sparkasse Nienburg,Nienburg/Weser,SVN,1816338,1396165,520585,1194905,409,28,https://www.sparkasse-nienburg.de/de/home.html
228,Sparkasse im Landkreis Cham,Cham,SVB,1813904,1460317,704670,1019226,313,36,https://www.spk-cham.de/de/home.html
229,Sparkasse Werra-Meißner,Eschwege,SGVHT,1813885,1176215,196629,1000016,355,23,https://www.sparkasse-werra-meissner.de/de/home.html
230,Sparkasse Bensheim,Bensheim,SGVHT,1813080,1424105,318601,1034377,388,17,https://www.sparkasse-bensheim.de/de/home.html
231,Kreissparkasse Stade,Stade,SVN,1806789,1134333,353689,1305415,348,23,https://www.ksk-stade.de/de/home.html
232,Sparkasse Hamm,Hamm,SVWL,1790036,1399418,621770,1304374,339,16,https://www.sparkasse-hamm.de/en/home.html
233,Sparkasse Merzig-Wadern,Merzig,SvSaar,1780666,1370140,379768,1473334,396,42,https://www.sparkassemerzig-wadern.de/de/home.html
234,Vereinigte Sparkasse im Märkischen Kreis,Plettenberg,SVWL,1757663,1167398,293865,1374309,312,22,https://www.spk-mk.de/de/home.html
235,Sparkasse Niederlausitz,Senftenberg,OSV,1753551,1493722,849549,763513,307,21,https://www.sparkasse-niederlausitz.de/de/home.html
236,Kreissparkasse Rhein-Hunsrück,Simmern,SVRP,1751800,1399586,347020,1236814,359,17,https://www.kskrh.de/de/home.html
237,Hohenzollerische KSK Sigmaringen,Sigmaringen,SVBW,1733587,1275655,533731,936411,306,19,https://www.ksk-sigmaringen.de/de/home.html
238,Sparkasse Rastatt-Gernsbach,Rastatt,SVBW,1700515,1256018,452005,972489,269,22,https://www.spk-rastatt-gernsbach.de/de/home.html
239,Sparkasse Freising,Freising,SVB,1689318,1351567,372079,1087671,312,21,https://www.sparkasse-freising.de/en/home.html
240,Sparkasse Berchtesgadener Land,Bad Reichenhall,SVB,1687518,1326913,465255,1028095,376,19,https://www.sparkasse-bgl.de/de/home.html
241,Kreissparkasse Bersenbrück,Bersenbrück,SVN,1643820,1238670,663291,1155000,327,23,https://www.ksk-bersenbrueck.de/de/home.html
242,Stadtsparkasse Remscheid,Remscheid,RSGV,1641946,1238331,306755,1188109,321,15,https://www.stadtsparkasse-remscheid.de/de/home.html
243,Sparkasse Neunkirchen,Neunkirchen Saar,SvSaar,1641074,1245561,471156,1259429,357,27,https://www.sparkasse-neunkirchen.de/de/home.html
244,Sparkasse der Stadt Iserlohn,Iserlohn,SVWL,1629168,1273975,424712,1099594,331,11,https://www.sparkasse-iserlohn.de/de/home.html
245,Sparkasse Wittenberg,Lutherstadt Wittenberg,OSV,1602937,1375603,547234,855679,245,34,https://www.sparkasse-wittenberg.de/de/home.html
246,Sparkasse Bad Kissingen,Bad Kissingen,SVB,1601320,1208714,500808,783524,345,21,https://www.spk-kg.de/de/home.html
247,Sparkasse Regen-Viechtach,Regen,SVB,1588855,1173851,607025,827370,267,27,https://www.sparkasse-regen-viechtach.de/de/home.html
248,Sparkasse Oberpfalz Nord,Weiden,SVB,1568284,1281734,391728,1035629,352,30,https://www.sparkasse-oberpfalz-nord.de/en/home.html
249,Sparkasse Odenwaldkreis,Erbach,SGVHT,1562035,1187647,394973,1092416,357,18,https://www.sparkasse-odenwaldkreis.de/de/home.html
250,Stadtsparkasse Rheine,Rheine,SVWL,1544027,1041550,296551,763345,225,12,https://www.sparkasse-rheine.de/de/home.html
251,Sparkasse Höxter,Brakel,SVWL,1539376,1222836,424713,1164484,332,22,https://www.sparkasse-hoexter.de/de/home.html
252,Sparkasse Mansfeld-Südharz,Lutherstadt Eisleben,OSV,1528193,1293148,551822,667549,265,34,https://www.sparkasse-msh.de/de/home.html
253,Kreissparkasse Limburg,Limburg,SGVHT,1519394,1207318,291484,961444,347,35,https://www.ksk-limburg.de/de/home.html
254,Kreis- und Stadtsparkasse Kaufbeuren,Kaufbeuren,SVB,1509296,1103481,324856,903262,289,13,https://www.sparkasse-kaufbeuren.de/en/home.html
255,Sparkasse Gevelsberg-Wetter,Gevelsberg,SVWL,1508381,1088652,432970,1077063,224,13,https://www.sparkasse-gw.de/de/home.html
256,Vereinigte Spk. Eschenbach Neustadt Vohenstrauß,Neustadt,SVB,1486253,1020760,304723,762888,277,21,https://www.vspk-neustadt.de/de/home.html
257,Sparkasse Pfaffenhofen,Pfaffenhofen,SVB,1485364,1174637,302639,897853,307,17,https://www.sparkasse-pfaffenhofen.de/de/home.html
258,Stadt-Sparkasse Langenfeld,Langenfeld,RSGV,1483176,1006009,371411,1176468,219,5,https://www.sparkasse-langenfeld.de/de/home.html
259,Sparkasse Bad Neustadt a.d. Saale,Bad Neustadt a.d. Saale,SVB,1468797,1143211,471468,574647,289,17,https://www.sparkasse-badneustadt.de/de/home.html
260,Städtische Sparkasse Offenbach am Main,Offenbach,SGVHT,1453035,1216485,307067,835835,261,17,https://www.sparkasse-offenbach.de/de/home.html
261,Kreissparkasse Birkenfeld,Idar-Oberstein,SVRP,1446343,1169893,546429,901079,350,27,https://www.ksk-birkenfeld.de/de/home.html
262,Kreissparkasse Stendal,Stendal,OSV,1418591,996331,461526,753963,231,21,https://www.ksk-stendal.de/de/home.html
263,Kreissparkasse Northeim,Northeim,SVN,1413478,1023317,491547,1052868,304,21,https://www.ksn-northeim.de/de/home.html
264,Sparkasse Donnersberg,Rockenhausen,SVRP,1411762,814528,201407,859887,246,12,https://www.sparkasse-donnersberg.de/de/home.html
265,Sparkasse Hanauerland,Kehl,SVBW,1411613,796216,364769,825273,239,13,https://www.sparkasse-kehl.de/de/home.html
266,Sparkasse Aichach-Schrobenhausen,Aichach,SVB,1401542,1045169,319563,803547,272,19,https://www.spk-aic-sob.de/de/home.html
267,Sparkasse Arnsberg-Sundern,Arnsberg,SVWL,1390921,1051073,208473,978744,240,19,https://www.sparkasse-arnsberg-sundern.de/de/home.html
268,Sparkasse Neubrandenburg-Demmin,Neubrandenburg,OSV,1390442,1160003,427435,586967,249,17,https://www.spk-nbdm.de/de/home.html
269,Sparkasse Mecklenburg-Nordwest,Wismar,OSV,1387347,1215558,496032,677674,259,23,https://www.spk-mecklenburg-nordwest.de/de/home.html
270,Kreis- und Stadtsparkasse Dillingen,Dillingen,SVB,1385980,1074365,266433,822429,263,16,https://www.sparkasse-dillingen.de/de/home.html
271,Kreissparkasse Bitburg-Prüm,Bitburg,SVRP,1377504,1062357,341007,871498,310,25,https://www.kskbitburg-pruem.de/de/home.html
272,Sparkasse Gummersbach-Bergneustadt,Gummersbach,RSGV,1366653,1102202,500508,1031859,249,15,https://www.sparkasse-gm.de/de/home.html
273,Sparkasse Staufen-Breisach,Staufen im Breisgau,SVBW,1358209,1027905,292063,948961,268,21,https://www.sparkasse-staufen-breisach.de/de/home.html
274,Kreissparkasse Halle,Halle (Westf.),SVWL,1357850,1005854,167878,992883,198,8,https://www.kskhalle.de/de/home.html
275,Sparkasse Dillenburg,Dillenburg,SGVHT,1351258,1053407,332365,828122,316,23,https://www.sparkasse-dillenburg.de/de/home.html
276,Kreissparkasse Melle,Melle,SVN,1348788,951029,309242,1028336,253,10,https://www.ksk-melle.de/de/home.html
277,Kreissparkasse Eichsfeld,Worbis,SGVHT,1339403,1071526,358873,674320,244,17,https://www.kreissparkasse-eichsfeld.de/de/home.html
278,Sparkasse Bad Oeynhausen - Porta Westfalica,Bad Oeynhausen,SVWL,1339392,1058896,336489,837203,268,20,https://www.spkbopw.de/de/home.html
279,Kreissparkasse Gotha,Gotha,SGVHT,1333498,1137586,388058,572320,235,16,https://www.kreissparkasse-gotha.de/de/home.html
280,Kreissparkasse Walsrode,Walsrode,SVN,1330699,897378,386379,1005514,216,15,https://www.ksk-walsrode.de/de/home.html
281,Sparkasse Unstrut-Hainich,Mühlhausen,SGVHT,1327010,1089573,269284,625624,244,25,https://www.sparkasse-unstrut-hainich.de/de/home.html
282,Sparkasse Hochsauerland,Brilon,SVWL,1324004,883489,208350,1119362,267,24,https://www.sparkasse-hochsauerland.de/de/home.html
283,Kreissparkasse Saalfeld-Rudolstadt,Saalfeld,SGVHT,1309857,1078509,459597,727831,270,21,https://www.sparkasse-saalfeld-rudolstadt.de/de/home.html
284,Stadtsparkasse Bottrop,Bottrop,SVWL,1271656,896994,388688,869809,259,8,https://www.sparkasse-bottrop.de/de/home.html
285,Kreissparkasse St. Wendel,Sankt Wendel,SvSaar,1266299,971152,154934,866014,292,20,https://www.kskwnd.de/de/home.html
286,Sparkasse Arnstadt-Ilmenau,Ilmenau,SGVHT,1255401,1010207,527319,540818,241,24,https://www.spk-arnstadt-ilmenau.de/de/home.html
287,Sparkasse Ostprignitz-Ruppin,Neuruppin,OSV,1255329,998905,383590,539965,258,16,https://www.sparkasse-opr.de/de/home.html
288,Sparkasse Märkisches Sauerland,Hemer,SVWL,1247432,933202,419741,937269,213,11,https://www.sms-hm.de/de/home.html
289,Kreis- und Stadtsparkasse Wasserburg am Inn,Wasserburg am Inn,SVB,1237022,939562,342060,750452,230,21,https://www.sparkasse-wasserburg.de/de/home.html
290,Sparkasse Donauwörth,Donauwörth,SVB,1233153,962145,338488,822037,266,24,https://www.sparkasse-donauwoerth.de/de/home.html
291,Kreissparkasse Gelnhausen,Gelnhausen,SGVHT,1226189,1003637,173605,847330,254,21,https://www.ksk-gelnhausen.de/de/home.html
292,Stadtsparkasse Bocholt,Bocholt,SVWL,1205868,940226,388082,877481,212,13,https://www.stadtsparkasse-bocholt.de/de/home.html
293,Kreissparkasse Nordhausen,Nordhausen,SGVHT,1197095,965494,354227,666719,220,17,https://www.kreissparkasse-nordhausen.de/de/home.html
294,Stadtsparkasse Kaiserslautern,Kaiserslautern,SVRP,1162863,893873,277555,813511,221,23,https://www.stadtsparkasse-kaiserslautern.de/de/home.html
295,Bezirkssparkasse Reichenau,Reichenau,SVBW,1162472,654640,273044,1072352,141,6,https://www.spk-reichenau.de/de/home.html
296,Kreissparkasse Garmisch-Partenkirchen,Garmisch-Partenkirchen,SVB,1146561,867959,205459,746800,252,16,https://www.sparkasse-garmisch.de/de/home.html
297,Sparkasse Wiesental,Schopfheim,SVBW,1145356,832349,403511,803603,204,11,https://www.sparkasse-wiesental.de/de/home.html
298,Sparkasse Neuburg-Rain,Neuburg Donau,SVB,1129517,862744,246263,697803,262,18,https://www.sparkasse-neuburg-rain.de/de/home.html
299,Sparkasse Attendorn-Lennestadt-Kirchhundem,Attendorn,SVWL,1121731,802053,210476,570123,208,19,https://www.sparkasse-alk.de/de/home.html
300,Kreissparkasse Soltau,Soltau,SVN,1118806,885529,339635,851628,261,7,https://www.ksk-soltau.de/en/home.html
301,Sparkasse Hochschwarzwald,Titisee-Neustadt,SVBW,1106872,797090,313172,731127,231,16,https://www.sparkasse-hochschwarzwald.de/de/home.html
302,Sparkasse Muldental,Grimma,OSV,1098840,928693,357707,394657,168,14,https://www.spk-muldental.de/de/home.html
303,Sparkasse Uckermark,Prenzlau,OSV,1098342,894894,294995,426515,192,15,https://www.spk-uckermark.de/de/home.html
304,Sparkasse Haslach-Zell,Haslach i. K.,SVBW,1095225,798743,338648,725189,198,11,https://www.sparkasse-haslach-zell.de/de/home.html
305,Sparkasse Altenburger Land,Altenburg,SGVHT,1077999,911345,404859,430674,188,13,https://www.sparkasse-altenburgerland.de/de/home.html
306,Kreissparkasse Weilburg,Weilburg,SGVHT,1062550,856461,161805,667885,209,13,https://www.ksk-weilburg.de/de/home.html
307,Kyffhäusersparkasse Artern-Sondershausen,Sondershausen,SGVHT,1059564,896459,523989,501887,201,12,https://www.kyffhaeusersparkasse.de/de/home.html
308,Kreissparkasse Saale-Orla,Schleiz,SGVHT,1042989,906302,349678,470533,230,25,https://www.ksk-saale-orla.de/de/home.html
309,Sparkasse Olpe-Drolshagen-Wenden,Olpe / Biggesee,SVWL,1022861,785675,307026,608601,168,6,https://www.sparkasse-olpe.de/de/home.html
310,Sparkasse Altmark West,Salzwedel,OSV,1007826,829429,383794,582625,200,13,https://www.spaw.de/de/home.html
311,Sparkasse Bühl,Bühl,SVBW,1007539,702173,253311,585128,169,13,https://www.spk-buehl.de/de/home.html
312,Sparkasse Engen-Gottmadingen,Engen,SVBW,993744,691560,226997,700760,176,10,https://www.sparkasse-engo.de/de/home.html
313,Verbundsparkasse Emsdetten-Ochtrup,Emsdetten,SVWL,983859,601016,251346,786401,203,10,https://www.spkeo.de/de/home.html
314,Stadtsparkasse Cuxhaven,Cuxhaven,SVN,982928,781500,269257,722103,223,11,https://www.ssk-cuxhaven.de/de/home.html
315,Sparkasse Hattingen,Hattingen Ruhr,SVWL,944086,716835,291339,631240,172,9,https://www.sparkasse-hattingen.de/de/home.html
316,Kreissparkasse Vulkaneifel,Daun,SVRP,925222,700378,238974,712806,206,12,https://www.ksk-vulkaneifel.de/de/home.html
317,Sparkasse Wittgenstein,Bad Berleburg,SVWL,905808,662556,225429,633834,225,13,https://www.sparkasse-wittgenstein.de/de/home.html
318,Sparkasse Jerichower Land,Burg (b.Magdeburg),OSV,902190,762088,388514,413204,193,16,https://www.sparkasse-jerichower-land.de/de/home.html
319,Sparkasse Salem-Heiligenberg,Salem,SVBW,894244,683039,235104,556646,118,12,https://www.spk-salem.de/de/home.html
320,Vereinigte Sparkassen Gunzenhausen,Gunzenhausen,SVB,889057,573268,125586,515605,136,11,https://www.sparkasse-gunzenhausen.de/de/home.html
321,Sparkasse Elmshorn,Elmshorn,SGVSH,885640,641383,273657,657337,190,6,https://www.sparkasse-elmshorn.de/de/home.html
322,Sparkasse Osterode am Harz,Osterode,SVN,881913,660659,174567,468345,213,11,https://www.sparkasse-osterode.de/de/home.html
323,Kreissparkasse Döbeln,Döbeln,OSV,875165,668831,162541,520551,180,6,https://www.sparkasse-doebeln.de/de/home.html
324,Sparkasse Beckum-Wadersloh,Beckum,SVWL,874690,579012,243630,579997,158,8,https://www.sparkasse-beckum.de/de/home.html
325,Sparkasse Prignitz,Pritzwalk,OSV,861089,731038,370703,304688,154,13,https://www.sparkasse-prignitz.de/de/home.html
326,Stadtsparkasse Dessau,Dessau,OSV,852302,728739,315995,361772,173,15,https://www.sparkasse-dessau.de/de/home.html
327,Sparkasse Wilhelmshaven,Wilhelmshaven,SVN,843169,634336,198832,622590,200,9,https://www.sparkasse-wilhelmshaven.de/de/home.html
328,Sparkasse der Homburgischen Gemeinden,Wiehl,RSGV,834801,610634,169957,569156,147,10,https://www.sparkasse-gm.de/de/home.html
329,Stadtsparkasse Gladbeck,Gladbeck,SVWL,828829,593895,193502,621010,169,5,https://www.sparkasse-gladbeck.de/de/home.html
330,Sparkasse Freyung-Grafenau,Freyung,SVB,826783,643478,194579,460144,196,20,https://www.spk-frg.de/de/home.html
331,Städtische Sparkasse zu Schwelm,Schwelm,SVWL,821099,470653,179303,593723,121,1,https://www.sparkasse-schwelm.de/de/home.html
332,Bordesholmer Sparkasse,Bordesholm,SGVSH,813142,558233,169576,588092,131,8,https://www.bordesholmer-sparkasse.de/de/home.html
333,Müritz-Sparkasse,Waren/Müritz,OSV,811235,662688,287545,357688,156,14,https://www.mueritz-sparkasse.de/de/home.html
334,Sparkasse Parchim-Lübz,Parchim,OSV,799753,700971,165066,361857,169,12,https://www.sparkasse-parchim.de/de/home.html
335,Sparkasse Pfullendorf-Messkirch,Pfullendorf,SVBW,795250,616738,272263,498045,144,15,https://www.sparkasse-pm.de/de/home.html
336,Stadtsparkasse Schwerte,Schwerte,SVWL,793228,542415,222292,606371,145,8,https://www.sparkasse-schwerte.de/de/home.html
337,Sparkasse Ennepetal-Breckerfeld,Ennepetal,SVWL,771570,570231,206966,476129,121,6,https://www.sparkasse-ennepetal.de/de/home.html
338,Sparkasse Uecker-Randow,Pasewalk,OSV,734212,593390,238496,267989,145,9,https://www.sparkasse-uecker-randow.de/de/home.html
339,Sparkasse Emden,Emden,SVN,732044,554924,111406,600946,181,11,https://www.sparkasse-emden.de/de/home.html
340,Stadt und Kreissparkasse Moosburg,Moosburg,SVB,725376,572665,115894,485294,147,9,https://www.sparkasse-moosburg.de/de/home.html
341,Stadtsparkasse Wermelskirchen,Wermelskirchen,RSGV,714928,530933,197676,503786,118,5,https://www.sparkasse-wermelskirchen.de/de/home.html
342,Sparkasse Duderstadt,Duderstadt,SVN,707657,557279,163169,470200,159,9,https://www.sparkasse-duderstadt.de/de/home.html
343,Sparkasse Kierspe-Meinerzhagen,Kierspe,SVWL,702616,386336,119881,496860,129,10,https://www.spkkm.de/en/home.html
344,Stadt-Sparkasse Haan,Haan,RSGV,694832,491563,102170,541532,106,3,https://www.stadt-sparkasse-haan.de/de/home.html
345,Sparkasse Meschede,Meschede,SVWL,687244,519150,177019,465966,135,12,https://www.sparkasse-meschede.de/de/home.html
346,Sparkasse Sonneberg,Sonneberg,SGVHT,685729,549313,229534,302580,168,15,https://www.spkson.de/de/home.html
347,Kreissparkasse Hildburghausen,Hildburghausen,SGVHT,673654,577383,250276,188222,124,20,https://www.sparkasse-hildburghausen.de/de/home.html
348,Verbandssparkasse Goch-Kevelaer-Weeze,Goch,RSGV,661606,524361,252434,329279,98,6,https://www.sparkasse-goch.de/de/home.html
349,Sparkasse Scheeßel,Scheeßel,SVN,655534,486835,132613,454366,157,9,https://www.spk-scheessel.de/de/home.html
350,Sparkasse Mecklenburg-Strelitz,Neustrelitz,OSV,640536,528650,197102,323981,122,10,https://www.spk-mecklenburg-strelitz.de/de/home.html
351,Sparkasse Bergkamen-Bönen,Bergkamen,SVWL,639544,429952,201753,333433,92,7,https://www.spk-bergkamen-boenen.de/de/home.html
352,Sparkasse Burbach-Neunkirchen,Burbach,SVWL,601781,398246,193808,433684,102,9,https://www.sparkasse-burbach-neunkirchen.de/de/home.html
353,Stadtsparkasse Wedel,Wedel,SGVSH,595901,430378,112470,424989,99,3,https://www.sparkasse-wedel.de/de/home.html
354,Sparkasse Radevormwald-Hückeswagen,Radevormwald,RSGV,589276,459628,203015,333350,129,6,https://www.sparkasse-radevormwald.de/de/home.html
355,Sparkasse Einbeck,Einbeck,SVN,566268,425391,228559,292235,127,6,https://www.sparkasse-einbeck.de/de/home.html
356,Stadtsparkasse Schwedt,Schwedt/Oder,OSV,561180,490490,135276,246690,96,4,https://www.sparkasse-schwedt.de/de/home.html
357,Kreissparkasse Schlüchtern,Schlüchtern,SGVHT,558886,445724,130885,352636,121,4,https://www.ksk-schluechtern.de/de/home.html
358,Sparkasse Bonndorf-Stühlingen,Bonndorf,SVBW,535203,390052,183103,281759,95,8,https://www.sparkasse-bonndorf-stuehlingen.de/de/home.html
359,Stadtsparkasse Wunstorf,Wunstorf,SVN,533705,419646,142156,407944,98,7,https://www.ssk-wunstorf.de/de/home.html
360,Stadtsparkasse Bad Pyrmont,Bad Pyrmont,SVN,529168,276384,61307,178975,94,4,https://www.ssk-bad-pyrmont.de/de/home.html
361,Stadtsparkasse Sprockhövel,Sprockhövel,SVWL,493331,349399,125834,369757,93,4,https://www.sparkasse-sprockhoevel.de/de/home.html
362,Sparkasse Nördlingen,Nördlingen,SVB,475808,379256,134742,300301,104,11,https://www.sparkasse-noerdlingen.de/de/home.html
363,Sparkasse Wolfach,Wolfach,SVBW,470317,328570,133945,274179,95,6,https://www.sparkasse-wolfach.de/de/home.html
364,Stadtsparkasse Bad Honnef,Bad Honnef,RSGV,468614,397018,105494,273843,99,4,https://www.ksk-koeln.de/de/home/ihre-sparkasse/ihre-sparkasse-vor-ort/rhein-sieg-kreis/bad-honnef.html
365,Stadtsparkasse Rahden,Rahden,SVWL,465677,294475,81902,352362,78,4,https://www.stadtsparkasse-rahden.de/de/home.html
366,Sparkasse Gengenbach,Gengenbach,SVBW,450613,274017,119849,311077,79,8,https://www.spk-gengenbach.de/de/home.html
367,Stadtsparkasse Lengerich,Lengerich,SVWL,437631,275120,105876,337815,94,3,https://www.stadtsparkasse-lengerich.de/de/home.html
368,Sparkasse Münden,Hann. Münden,SVN,425046,332693,88362,297066,125,7,https://www.spk-muenden.de/de/home.html
369,Sparkasse St. Blasien,St. Blasien,SVBW,420848,219973,92183,304530,74,7,https://www.sparkasse-st-blasien.de/de/home.html
370,Stadtsparkasse Burgdorf,Burgdorf,SVN,419947,308178,101833,260995,86,6,https://www.stadtsparkasse-burgdorf.de/de/home.html
371,Stadtsparkasse Barsinghausen,Barsinghausen,SVN,393154,292080,64446,304415,78,4,https://www.stadtsparkasse-barsinghausen.de/de/home.html
372,Stadtsparkasse Schmallenberg,Schmallenberg,SVWL,389288,307447,95919,250533,88,8,https://www.stadtsparkasse-schmallenberg.de/de/home.html
373,Stadtsparkasse Delbrück,Delbrück,SVWL,357904,266423,112454,266824,79,3,https://www.sparkasse-delbrueck.de/de/home.html
374,Stadtsparkasse Haltern,Haltern am See,SVWL,351192,291724,121579,236199,96,4,https://www.stadtsparkasse-haltern.de/de/home.html
375,Sparkasse Grünberg,Grünberg,SGVHT,344700,243541,34653,209642,82,10,https://www.sparkasse-gruenberg.de/de/home.html
376,Sparkasse Finnentrop,Finnentrop,SVWL,334270,225333,79654,242776,78,7,https://www.sparkasse-finnentrop.de/de/home.html
377,Stadtsparkasse Versmold,Versmold,SVWL,316995,213984,89708,258691,59,4,https://www.stadtsparkasse-versmold.de/de/home.html
378,Sparkasse Geseke,Geseke Westf,SVWL,314945,215004,78672,203872,69,5,https://www.sparkasse-geseke.de/de/home.html
379,Stadtsparkasse Blomberg/Lippe,Blomberg,SVWL,306111,231394,103684,200007,63,5,https://www.sparkasse-blomberg.de/de/home.html
380,Sparkasse Laubach-Hungen,Laubach,SGVHT,265759,204916,53084,161547,69,4,https://www.spk-laubach-hungen.de/de/home.html
381,Sparkasse Battenberg,Battenberg Eder,SGVHT,218688,174253,83651,158904,50,6,https://www.sparkasse-battenberg.de/de/home.html
382,Stadtsparkasse Schwalmstadt,Schwalmstadt,SGVHT,218582,175022,43371,131275,47,3,https://www.stadtsparkasse-schwalmstadt.de/de/home.html
383,Stadtsparkasse Grebenstein,Grebenstein,SGVHT,217372,180422,86820,137989,52,4,https://www.stadtsparkasse-grebenstein.de/de/home.html
384,Stadtsparkasse Borken (Hessen),Borken,SGVHT,178546,129399,44868,117875,46,1,https://www.sskborken.de/de/home.html
385,Stadtsparkasse Bad Sachsa,Bad Sachsa,SVN,133894,105289,36622,74449,39,1,https://www.ssk-bad-sachsa.de/de/home.html
